{
    "name": "root",
    "metadata": {
        "timer_format_version": "0.1.0",
        "start_time_seconds": "1720140014",
        "python_version": "3.10.11 | packaged by Anaconda, Inc. | (main, May 16 2023, 00:55:32) [MSC v.1916 64 bit (AMD64)]",
        "command_line_arguments": "C:\\Users\\AngelDell\\miniconda3\\envs\\mlagents\\Scripts\\mlagents-learn ./trainer_config.yaml --run-id=Test18",
        "mlagents_version": "1.1.0.dev0",
        "mlagents_envs_version": "1.1.0.dev0",
        "communication_protocol_version": "1.5.0",
        "pytorch_version": "2.2.2+cu121",
        "numpy_version": "1.23.5",
        "end_time_seconds": "1720140120"
    },
    "total": 105.96652580000227,
    "count": 1,
    "self": 0.007289999921340495,
    "children": {
        "run_training.setup": {
            "total": 0.11823440005537122,
            "count": 1,
            "self": 0.11823440005537122
        },
        "TrainerController.start_learning": {
            "total": 105.84100140002556,
            "count": 1,
            "self": 0.008991600014269352,
            "children": {
                "TrainerController._reset_env": {
                    "total": 20.299278200021945,
                    "count": 1,
                    "self": 20.299278200021945
                },
                "TrainerController.advance": {
                    "total": 85.2411525999778,
                    "count": 321,
                    "self": 0.0094381989329122,
                    "children": {
                        "env_step": {
                            "total": 75.55568990058964,
                            "count": 321,
                            "self": 71.55466489994433,
                            "children": {
                                "SubprocessEnvManager._take_step": {
                                    "total": 3.996004900021944,
                                    "count": 321,
                                    "self": 0.03155809914460406,
                                    "children": {
                                        "TorchPolicy.evaluate": {
                                            "total": 3.96444680087734,
                                            "count": 321,
                                            "self": 3.96444680087734
                                        }
                                    }
                                },
                                "workers": {
                                    "total": 0.005020100623369217,
                                    "count": 320,
                                    "self": 0.0,
                                    "children": {
                                        "worker_root": {
                                            "total": 21.895956600492354,
                                            "count": 320,
                                            "is_parallel": true,
                                            "self": 14.149651001091115,
                                            "children": {
                                                "steps_from_proto": {
                                                    "total": 0.0023237999994307756,
                                                    "count": 1,
                                                    "is_parallel": true,
                                                    "self": 0.0006984000210650265,
                                                    "children": {
                                                        "_process_rank_one_or_two_observation": {
                                                            "total": 0.0016253999783657491,
                                                            "count": 4,
                                                            "is_parallel": true,
                                                            "self": 0.0016253999783657491
                                                        }
                                                    }
                                                },
                                                "UnityEnvironment.step": {
                                                    "total": 7.7439817994018085,
                                                    "count": 320,
                                                    "is_parallel": true,
                                                    "self": 0.10780749877449125,
                                                    "children": {
                                                        "UnityEnvironment._generate_step_input": {
                                                            "total": 0.16362699953606352,
                                                            "count": 320,
                                                            "is_parallel": true,
                                                            "self": 0.16362699953606352
                                                        },
                                                        "communicator.exchange": {
                                                            "total": 7.215364900301211,
                                                            "count": 320,
                                                            "is_parallel": true,
                                                            "self": 7.215364900301211
                                                        },
                                                        "steps_from_proto": {
                                                            "total": 0.2571824007900432,
                                                            "count": 320,
                                                            "is_parallel": true,
                                                            "self": 0.0748321000719443,
                                                            "children": {
                                                                "_process_rank_one_or_two_observation": {
                                                                    "total": 0.18235030071809888,
                                                                    "count": 1280,
                                                                    "is_parallel": true,
                                                                    "self": 0.18235030071809888
                                                                }
                                                            }
                                                        }
                                                    }
                                                }
                                            }
                                        }
                                    }
                                }
                            }
                        },
                        "trainer_advance": {
                            "total": 9.676024500455242,
                            "count": 320,
                            "self": 0.04033500043442473,
                            "children": {
                                "process_trajectory": {
                                    "total": 1.3190003999625333,
                                    "count": 320,
                                    "self": 1.3190003999625333
                                },
                                "_update_policy": {
                                    "total": 8.316689100058284,
                                    "count": 5,
                                    "self": 1.5887026995769702,
                                    "children": {
                                        "TorchPPOOptimizer.update": {
                                            "total": 6.7279864004813135,
                                            "count": 270,