{"count":1,"self":3559.634944,"total":13452.3955393,"children":{"InitializeActuators":{"count":36,"self":0.0022974,"total":0.0022974,"children":null},"InitializeSensors":{"count":36,"self":0.0025104,"total":0.0025104,"children":null},"AgentSendState":{"count":1702651,"self":306.8645376,"total":419.4544778,"children":{"CollectObservations":{"count":12263472,"self":10.944884799999999,"total":10.944884499999999,"children":null},"WriteActionMask":{"count":12263472,"self":5.589714,"total":5.5897139,"children":null},"RequestDecision":{"count":12263472,"self":17.9813504,"total":96.05534999999999,"children":{"AgentInfo.ToProto":{"count":12263472,"self":13.915689599999999,"total":78.0740002,"children":{"GenerateSensorData":{"count":12263472,"self":50.205001599999996,"total":64.1583108,"children":{"RayPerceptionSensor.Perceive":{"count":12263472,"self":13.9533104,"total":13.953310499999999,"children":null}}}}}}}}},"DecideAction":{"count":1702651,"self":9250.6882047999989,"total":9250.688050499999,"children":null},"AgentAct":{"count":1702651,"self":222.54005759999998,"total":222.6115778,"children":{"AgentInfo.ToProto":{"count":10944,"self":0.0126115,"total":0.0715214,"children":{"GenerateSensorData":{"count":10944,"self":0.046054,"total":0.058909899999999994,"children":{"RayPerceptionSensor.Perceive":{"count":10944,"self":0.0128559,"total":0.0128559,"children":null}}}}}}}},"gauges":{"CrashPinball.CumulativeReward":{"count":10944,"max":17109.0645,"min":-17.5,"runningAverage":223.57489,"value":9.700025,"weightedAverage":51.6101265}},"metadata":{"timer_format_version":"0.1.0","start_time_seconds":"1719364244","unity_version":"2023.2.20f1","command_line_arguments":"C:\\Program Files\\Unity\\Hub\\Editor\\2023.2.20f1\\Editor\\Unity.exe -projectpath D:\\git\\CrashPinBall\\Crash Pinball -useHub -hubIPC -cloudEnvironment production -licensingIpc LicenseClient-aespa -hubSessionId ac0839fe-7ead-48a7-a1dd-a4de5a1bed87 -accessToken jXW5lOVdnM1rh_Ymm_ctEvtKhNCJWl_wNFJsOaiMewc002f","communication_protocol_version":"1.5.0","com.unity.ml-agents_version":"2.0.1","scene_name":"SampleScene","end_time_seconds":"1719377696"}}