{"count":1,"self":1524.7007744,"total":8678.4663276,"children":{"InitializeActuators":{"count":4,"self":0.0021137,"total":0.0021137,"children":null},"InitializeSensors":{"count":4,"self":0.0015298,"total":0.0015298,"children":null},"AgentSendState":{"count":1440668,"self":33.1539424,"total":51.0512249,"children":{"CollectObservations":{"count":1152580,"self":3.5279827999999998,"total":3.5279827,"children":null},"WriteActionMask":{"count":1152580,"self":0.5300697,"total":0.5300697,"children":null},"RequestDecision":{"count":1152580,"self":2.3753197999999998,"total":13.839230899999999,"children":{"AgentInfo.ToProto":{"count":1152580,"self":2.2602278,"total":11.463911099999999,"children":{"GenerateSensorData":{"count":1152580,"self":7.9341463999999995,"total":9.2036833,"children":{"RayPerceptionSensor.Perceive":{"count":1152580,"self":1.2695368999999999,"total":1.2695368999999999,"children":null}}}}}}}}},"DecideAction":{"count":1440668,"self":7068.8718848,"total":7068.8720634,"children":null},"AgentAct":{"count":1440668,"self":33.8211264,"total":33.8381381,"children":{"AgentInfo.ToProto":{"count":1436,"self":0.0058816,"total":0.0170109,"children":{"GenerateSensorData":{"count":1436,"self":0.0063427,"total":0.0111293,"children":{"RayPerceptionSensor.Perceive":{"count":1436,"self":0.0047865999999999994,"total":0.0047865999999999994,"children":null}}}}}}}},"gauges":{"CrashPinball.CumulativeReward":{"count":1436,"max":0.706606865,"min":-196.435425,"runningAverage":-70.30431,"value":-52.3756332,"weightedAverage":-37.8129921}},"metadata":{"timer_format_version":"0.1.0","start_time_seconds":"1727228330","unity_version":"2023.2.20f1","command_line_arguments":"C:\\Program Files\\Unity\\Hub\\Editor\\2023.2.20f1\\Editor\\Unity.exe -projectpath D:\\git\\CrashPinBall\\Crash Pinball -useHub -hubIPC -cloudEnvironment production -licensingIpc LicenseClient-aespa -hubSessionId 806ade34-1dbb-4e59-bc51-14abf7b2b656 -accessToken X-hSP81yg9w1y9BEprFi7YNyptqcJp-05cNtg_DVWhM002f","communication_protocol_version":"1.5.0","com.unity.ml-agents_version":"2.0.1","scene_name":"SampleScene","end_time_seconds":"1727237008"}}