{"count":1,"self":419.47468799999996,"total":2482.3309615,"children":{"InitializeActuators":{"count":36,"self":0.0015205,"total":0.0015205,"children":null},"InitializeSensors":{"count":36,"self":0.0025058999999999997,"total":0.0025058999999999997,"children":null},"AgentSendState":{"count":375534,"self":65.499865599999993,"total":88.6947835,"children":{"CollectObservations":{"count":2703852,"self":2.1468376,"total":2.1468374999999997,"children":null},"WriteActionMask":{"count":2703852,"self":1.0829982,"total":1.0829982,"children":null},"RequestDecision":{"count":2703852,"self":3.7731184,"total":19.965079499999998,"children":{"AgentInfo.ToProto":{"count":2703852,"self":2.9103996,"total":16.191960899999998,"children":{"GenerateSensorData":{"count":2703852,"self":10.3189928,"total":13.281561199999999,"children":{"RayPerceptionSensor.Perceive":{"count":2703852,"self":2.9625686,"total":2.9625686,"children":null}}}}}}}}},"DecideAction":{"count":375534,"self":1947.0489599999999,"total":1947.0489598,"children":null},"AgentAct":{"count":375534,"self":27.0855872,"total":27.1075084,"children":{"AgentInfo.ToProto":{"count":3348,"self":0.0010091,"total":0.0219226,"children":{"GenerateSensorData":{"count":3348,"self":0.0098234,"total":0.020913499999999998,"children":{"RayPerceptionSensor.Perceive":{"count":3348,"self":0.0110901,"total":0.0110901,"children":null}}}}}}}},"gauges":{"CrashPinball.CumulativeReward":{"count":3348,"max":1769.22668,"min":-2.35,"runningAverage":84.8132553,"value":21.9499969,"weightedAverage":115.501251}},"metadata":{"timer_format_version":"0.1.0","start_time_seconds":"1718478388","unity_version":"2023.2.20f1","command_line_arguments":"C:\\Program Files\\Unity\\Hub\\Editor\\2023.2.20f1\\Editor\\Unity.exe -projectpath D:\\git\\CrashPinBall\\Crash Pinball -useHub -hubIPC -cloudEnvironment production -licensingIpc LicenseClient-aespa -hubSessionId 0f7f3d75-428b-44b4-8cc1-bab68e3cba78 -accessToken vbuBFpTlapHN-rSxzmDiCkMuLU7-lIxGF_xSJhTPB8s002f","communication_protocol_version":"1.5.0","com.unity.ml-agents_version":"2.0.1","scene_name":"SampleScene","end_time_seconds":"1718480870"}}