{"count":1,"self":4473.8617343999995,"total":6045.4663679999994,"children":{"InitializeActuators":{"count":4,"self":0.0015094,"total":0.0015094,"children":null},"InitializeSensors":{"count":4,"self":0.0010067,"total":0.0010067,"children":null},"AgentSendState":{"count":725551,"self":18.867779199999998,"total":27.5439784,"children":{"CollectObservations":{"count":580444,"self":0.94850099999999993,"total":0.94850099999999993,"children":null},"WriteActionMask":{"count":580444,"self":0.4218171,"total":0.4218171,"children":null},"RequestDecision":{"count":580444,"self":1.4813148999999999,"total":7.3058814,"children":{"AgentInfo.ToProto":{"count":580444,"self":1.2616432,"total":5.8245664999999995,"children":{"GenerateSensorData":{"count":580444,"self":3.8007844,"total":4.5629233,"children":{"RayPerceptionSensor.Perceive":{"count":580444,"self":0.762139,"total":0.762139,"children":null}}}}}}}}},"DecideAction":{"count":725551,"self":1363.259904,"total":1363.2599523,"children":null},"AgentAct":{"count":725551,"self":180.79006719999998,"total":180.7981126,"children":{"AgentInfo.ToProto":{"count":724,"self":0.0015098,"total":0.0080444,"children":{"GenerateSensorData":{"count":724,"self":0.0035183999999999997,"total":0.0065346,"children":{"RayPerceptionSensor.Perceive":{"count":724,"self":0.0030161999999999997,"total":0.0030161999999999997,"children":null}}}}}}}},"gauges":{"CrashPinball.CumulativeReward":{"count":724,"max":50,"min":-9,"runningAverage":13.9250774,"value":11.25,"weightedAverage":23.25002}},"metadata":{"timer_format_version":"0.1.0","start_time_seconds":"1717961370","unity_version":"2023.2.20f1","command_line_arguments":"C:\\Program Files\\Unity\\Hub\\Editor\\2023.2.20f1\\Editor\\Unity.exe -projectpath D:\\git\\CrashPinBall\\Crash Pinball -useHub -hubIPC -cloudEnvironment production -licensingIpc LicenseClient-aespa -hubSessionId 9ca5a55e-c671-4848-b279-34a91697feb1 -accessToken ExKO3OhEK6xDNwo2QQtAlYyj_hi1HCC3WRZ9KvSQ644002f","communication_protocol_version":"1.5.0","com.unity.ml-agents_version":"2.0.1","scene_name":"SampleScene","end_time_seconds":"1717967415"}}