{
    "name": "root",
    "gauges": {
        "CrashPinball.Policy.Entropy.mean": {
            "value": 4.378281116485596,
            "min": 4.24973726272583,
            "max": 4.378281116485596,
            "count": 5
        },
        "CrashPinball.Policy.Entropy.sum": {
            "value": 1049106.25,
            "min": 734507.5625,
            "max": 1049106.25,
            "count": 5
        },
        "CrashPinball.Step.mean": {
            "value": 479936.0,
            "min": 239936.0,
            "max": 479936.0,
            "count": 5
        },
        "CrashPinball.Step.sum": {
            "value": 479936.0,
            "min": 239936.0,
            "max": 479936.0,
            "count": 5
        },
        "CrashPinball.Policy.ExtrinsicValueEstimate.mean": {
            "value": 1.1631829738616943,
            "min": 0.8729056715965271,
            "max": 1.849065899848938,
            "count": 5
        },
        "CrashPinball.Policy.ExtrinsicValueEstimate.sum": {
            "value": 1121.308349609375,
            "min": 841.4810791015625,
            "max": 1268.459228515625,
            "count": 5
        },
        "CrashPinball.Losses.PolicyLoss.mean": {
            "value": 0.06916222912610968,
            "min": 0.067798010468345,
            "max": 0.07132750216881849,
            "count": 5
        },
        "CrashPinball.Losses.PolicyLoss.sum": {
            "value": 1.7982179572788517,
            "min": 1.2216105215372173,
            "max": 1.7982179572788517,
            "count": 5
        },
        "CrashPinball.Losses.ValueLoss.mean": {
            "value": 0.33826065075575795,
            "min": 0.2191798131559734,
            "max": 0.33826065075575795,
            "count": 5
        },
        "CrashPinball.Losses.ValueLoss.sum": {
            "value": 8.794776919649706,
            "min": 4.984644419189405,
            "max": 8.794776919649706,
            "count": 5
        },
        "CrashPinball.Policy.LearningRate.mean": {
            "value": 0.00026626884201295383,
            "min": 0.00026626884201295383,
            "max": 0.000283524005492,
            "count": 5
        },
        "CrashPinball.Policy.LearningRate.sum": {
            "value": 0.006922989892336799,
            "min": 0.0051034320988559995,
            "max": 0.0069924937691688,
            "count": 5
        },
        "CrashPinball.Policy.Epsilon.mean": {
            "value": 0.18875627692307695,
            "min": 0.18875627692307695,
            "max": 0.19450800000000004,
            "count": 5
        },
        "CrashPinball.Policy.Epsilon.sum": {
            "value": 4.907663200000001,
            "min": 3.501144000000001,
            "max": 4.907663200000001,
            "count": 5
        },
        "CrashPinball.Policy.Beta.mean": {
            "value": 0.008876752064615386,
            "min": 0.008876752064615386,
            "max": 0.0094513492,
            "count": 5
        },
        "CrashPinball.Policy.Beta.sum": {
            "value": 0.23079555368000002,
            "min": 0.1701242856,
            "max": 0.23310003687999997,
            "count": 5
        },
        "CrashPinball.Environment.EpisodeLength.mean": {
            "value": 799.0,
            "min": 799.0,
            "max": 799.0,
            "count": 5
        },
        "CrashPinball.Environment.EpisodeLength.sum": {
            "value": 172584.0,
            "min": 115056.0,
            "max": 172584.0,
            "count": 5
        },
        "CrashPinball.Environment.CumulativeReward.mean": {
            "value": 11.020369598710978,
            "min": 4.699073557500486,
            "max": 11.020369598710978,
            "count": 5
        },
        "CrashPinball.Environment.CumulativeReward.sum": {
            "value": 595.0999583303928,
            "min": 253.74997210502625,
            "max": 595.0999583303928,
            "count": 5
        },
        "CrashPinball.Policy.ExtrinsicReward.mean": {
            "value": 11.020369598710978,
            "min": 4.699073557500486,
            "max": 11.020369598710978,
            "count": 5
        },
        "CrashPinball.Policy.ExtrinsicReward.sum": {
            "value": 595.0999583303928,
            "min": 253.74997210502625,
            "max": 595.0999583303928,
            "count": 5
        },
        "CrashPinball.IsTraining.mean": {
            "value": 1.0,
            "min": 1.0,
            "max": 1.0,
            "count": 5
        },
        "CrashPinball.IsTraining.sum": {
            "value": 1.0,
            "min": 1.0,
            "max": 1.0,
            "count": 5
        }
    },
    "metadata": {
        "timer_format_version": "0.1.0",
        "start_time_seconds": "1718930020",
        "python_version": "3.10.11 | packaged by Anaconda, Inc. | (main, May 16 2023, 00:55:32) [MSC v.1916 64 bit (AMD64)]",
        "command_line_arguments": "D:\\Conda\\envs\\mlagents\\Scripts\\mlagents-learn ./trainer_config.yaml --run-id=Test16 --resume",
        "mlagents_version": "1.1.0.dev0",
        "mlagents_envs_version": "1.1.0.dev0",
        "communication_protocol_version": "1.5.0",
        "pytorch_version": "2.2.2+cu121",
        "numpy_version": "1.23.5",
        "end_time_seconds": "1718931755"
    },
    "total": 1734.7217534999945,
    "count": 1,
    "self": 0.00575449998723343,
    "children": {
        "run_training.setup": {
            "total": 0.09837730001891032,
            "count": 1,
            "self": 0.09837730001891032
        },
        "TrainerController.start_learning": {
            "total": 1734.6176216999884,
            "count": 1,
            "self": 0.6879209958133288,
            "children": {
                "TrainerController._reset_env": {
                    "total": 26.850426399963908,
                    "count": 18,
                    "self": 26.850426399963908
                },
                "TrainerController.advance": {
                    "total": 1706.9455147042172,
                    "count": 36100,
                    "self": 0.639670604490675,
                    "children": {
                        "env_step": {
                            "total": 1522.2659306966234,
                            "count": 36100,
                            "self": 645.3904558926006,
                            "children": {
                                "SubprocessEnvManager._take_step": {
                                    "total": 876.3987854035222,
                                    "count": 36100,
                                    "self": 7.8900048905052245,
                                    "children": {
                                        "TorchPolicy.evaluate": {
                                            "total": 868.508780513017,
                                            "count": 144400,
                                            "self": 868.508780513017
                                        }
                                    }
                                },
                                "workers": {
                                    "total": 0.4766894005006179,
                                    "count": 36099,
                                    "self": 0.0,
                                    "children": {
                                        "worker_root": {
                                            "total": 1644.741258392809,
                                            "count": 36099,
                                            "is_parallel": true,
                                            "self": 1147.4775300883339,
                                            "children": {
                                                "steps_from_proto": {
                                                    "total": 0.018848900392185897,
                                                    "count": 72,
                                                    "is_parallel": true,