{
    "name": "root",
    "gauges": {
        "CrashPinball.Policy.Entropy.mean": {
            "value": 4.191988945007324,
            "min": 4.187088966369629,
            "max": 4.191988945007324,
            "count": 2
        },
        "CrashPinball.Policy.Entropy.sum": {
            "value": 1006077.375,
            "min": 199389.1875,
            "max": 1006077.375,
            "count": 2
        },
        "CrashPinball.Step.mean": {
            "value": 359936.0,
            "min": 299936.0,
            "max": 359936.0,
            "count": 2
        },
        "CrashPinball.Step.sum": {
            "value": 359936.0,
            "min": 299936.0,
            "max": 359936.0,
            "count": 2
        },
        "CrashPinball.Policy.ExtrinsicValueEstimate.mean": {
            "value": -1.8611754179000854,
            "min": -1.8611754179000854,
            "max": -1.7425445318222046,
            "count": 2
        },
        "CrashPinball.Policy.ExtrinsicValueEstimate.sum": {
            "value": -1814.64599609375,
            "min": -1814.64599609375,
            "max": -334.56854248046875,
            "count": 2
        },
        "CrashPinball.Environment.EpisodeLength.mean": {
            "value": 799.0,
            "min": 799.0,
            "max": 799.0,
            "count": 2
        },
        "CrashPinball.Environment.EpisodeLength.sum": {
            "value": 239700.0,
            "min": 44744.0,
            "max": 239700.0,
            "count": 2
        },
        "CrashPinball.Environment.CumulativeReward.mean": {
            "value": -14.912298163132121,
            "min": -14.912298163132121,
            "max": -13.22618324296283,
            "count": 2
        },
        "CrashPinball.Environment.CumulativeReward.sum": {
            "value": -1118.422362234909,
            "min": -1118.422362234909,
            "max": -185.1665654014796,
            "count": 2
        },
        "CrashPinball.Policy.ExtrinsicReward.mean": {
            "value": -14.912298163132121,
            "min": -14.912298163132121,
            "max": -13.22618324296283,
            "count": 2
        },
        "CrashPinball.Policy.ExtrinsicReward.sum": {
            "value": -1118.422362234909,
            "min": -1118.422362234909,
            "max": -185.1665654014796,
            "count": 2
        },
        "CrashPinball.Losses.PolicyLoss.mean": {
            "value": 0.06822593851368232,
            "min": 0.06822593851368232,
            "max": 0.070631330103303,
            "count": 2
        },
        "CrashPinball.Losses.PolicyLoss.sum": {
            "value": 1.9785522168967873,
            "min": 0.35315665051651496,
            "max": 1.9785522168967873,
            "count": 2
        },
        "CrashPinball.Losses.ValueLoss.mean": {
            "value": 0.2813664842182877,
            "min": 0.23214641644929843,
            "max": 0.2813664842182877,
            "count": 2
        },
        "CrashPinball.Losses.ValueLoss.sum": {
            "value": 8.159628042330343,
            "min": 1.1607320822464922,
            "max": 8.159628042330343,
            "count": 2
        },
        "CrashPinball.Policy.LearningRate.mean": {
            "value": 0.0002752529461800552,
            "min": 0.0002752529461800552,
            "max": 0.00027792096735967996,
            "count": 2
        },
        "CrashPinball.Policy.LearningRate.sum": {
            "value": 0.0079823354392216,
            "min": 0.0013896048367983997,
            "max": 0.0079823354392216,
            "count": 2
        },
        "CrashPinball.Policy.Epsilon.mean": {
            "value": 0.1917509793103448,
            "min": 0.1917509793103448,
            "max": 0.19264032000000003,
            "count": 2
        },
        "CrashPinball.Policy.Epsilon.sum": {
            "value": 5.560778399999999,
            "min": 0.9632016000000001,
            "max": 5.560778399999999,
            "count": 2
        },
        "CrashPinball.Policy.Beta.mean": {
            "value": 0.009175922833103449,
            "min": 0.009175922833103449,
            "max": 0.009264767968000001,
            "count": 2
        },
        "CrashPinball.Policy.Beta.sum": {
            "value": 0.26610176216000003,
            "min": 0.046323839840000006,
            "max": 0.26610176216000003,
            "count": 2
        },
        "CrashPinball.IsTraining.mean": {
            "value": 1.0,
            "min": 1.0,
            "max": 1.0,
            "count": 2
        },
        "CrashPinball.IsTraining.sum": {
            "value": 1.0,
            "min": 1.0,
            "max": 1.0,
            "count": 2
        }
    },
    "metadata": {
        "timer_format_version": "0.1.0",
        "start_time_seconds": "1727285879",
        "python_version": "3.10.11 | packaged by Anaconda, Inc. | (main, May 16 2023, 00:55:32) [MSC v.1916 64 bit (AMD64)]",
        "command_line_arguments": "D:\\Conda\\envs\\mlagents\\Scripts\\mlagents-learn ./trainer_config.yaml --run-id=Test28 --resume",
        "mlagents_version": "1.1.0.dev0",
        "mlagents_envs_version": "1.1.0.dev0",
        "communication_protocol_version": "1.5.0",
        "pytorch_version": "2.2.2+cu121",
        "numpy_version": "1.23.5",
        "end_time_seconds": "1727288917"
    },
    "total": 3037.6268641999923,
    "count": 1,
    "self": 0.0048399000079371035,
    "children": {
        "run_training.setup": {
            "total": 0.10483949999616016,
            "count": 1,
            "self": 0.10483949999616016
        },
        "TrainerController.start_learning": {
            "total": 3037.517184799988,
            "count": 1,
            "self": 2.068675401285873,
            "children": {
                "TrainerController._reset_env": {
                    "total": 11.08586049999576,
                    "count": 7,
                    "self": 11.08586049999576
                },
                "TrainerController.advance": {
                    "total": 3024.041716598702,
                    "count": 101169,
                    "self": 1.8997063005517703,
                    "children": {
                        "env_step": {
                            "total": 2970.250571200566,
                            "count": 101169,
                            "self": 1091.4644963007304,
                            "children": {
                                "SubprocessEnvManager._take_step": {
                                    "total": 1877.4419929988508,
                                    "count": 101169,
                                    "self": 27.135001097325585,
                                    "children": {
                                        "TorchPolicy.evaluate": {
                                            "total": 1850.3069919015252,
                                            "count": 404676,
                                            "self": 1850.3069919015252
                                        }
                                    }
                                },
                                "workers": {
                                    "total": 1.3440819009847473,
                                    "count": 101168,
                                    "self": 0.0,
                                    "children": {
                                        "worker_root": {
                                            "total": 2901.174520799701,
                                            "count": 101168,
                                            "is_parallel": true,
                                            "self": 2085.59581330097,
                                            "children": {
                                                "steps_from_proto": {
                                                    "total": 0.0074145000107819214,
                                                    "count": 28,
                                                    "is_parallel": true,