{
    "name": "root",
    "metadata": {
        "timer_format_version": "0.1.0",
        "start_time_seconds": "1717719177",
        "python_version": "3.10.11 | packaged by Anaconda, Inc. | (main, May 16 2023, 00:55:32) [MSC v.1916 64 bit (AMD64)]",
        "command_line_arguments": "D:\\Conda\\envs\\mlagents\\Scripts\\mlagents-learn ./trainer_config.yaml --run-id Test3",
        "mlagents_version": "1.1.0.dev0",
        "mlagents_envs_version": "1.1.0.dev0",
        "communication_protocol_version": "1.5.0",
        "pytorch_version": "2.2.2+cu121",
        "numpy_version": "1.23.5",
        "end_time_seconds": "1717719185"
    },
    "total": 8.047663900011685,
    "count": 1,
    "self": 0.007687300036195666,
    "children": {
        "run_training.setup": {
            "total": 0.07841429999098182,
            "count": 1,
            "self": 0.07841429999098182
        },
        "TrainerController.start_learning": {
            "total": 7.961562299984507,
            "count": 1,
            "self": 0.00010350003140047193,
            "children": {
                "TrainerController._reset_env": {
                    "total": 7.9492929999832995,
                    "count": 1,
                    "self": 7.9492929999832995
                },
                "TrainerController.advance": {
                    "total": 0.0009792999480850995,
                    "count": 1,
                    "self": 7.2999391704797745e-06,
                    "children": {
                        "env_step": {
                            "total": 0.0009720000089146197,
                            "count": 1,
                            "self": 0.0002516999957151711,
                            "children": {
                                "SubprocessEnvManager._take_step": {
                                    "total": 0.0007203000131994486,
                                    "count": 1,
                                    "self": 2.1700048819184303e-05,
                                    "children": {
                                        "TorchPolicy.evaluate": {
                                            "total": 0.0006985999643802643,
                                            "count": 1,
                                            "self": 0.0006985999643802643
                                        }
                                    }
                                }
                            }
                        }
                    }
                },
                "TrainerController._save_models": {
                    "total": 0.011186500021722168,
                    "count": 1,
                    "self": 2.6200024876743555e-05,
                    "children": {
                        "RLTrainer._checkpoint": {
                            "total": 0.011160299996845424,
                            "count": 1,
                            "self": 0.011160299996845424
                        }
                    }
                }
            }
        }
    }
}